cleaned_text,classification
"Everyone knows that the real reason for the ban was that the local community contains large numbers of dangerous violent thugs spurred on by left wing commentators and Islamists fueling their Jew hatred. The Police knew they couldn't contain it, so they took the cowardly route.",negative
Teams been there what? 4-5 years??? Yeah when half the stadium is opposing fans........they deserve it. This is just a 10% minority owner talking.,negative
Trump boasts the economy has never been better thanks to tariffs raking in billions with no inflation—yet the same experts who predicted disaster now quietly adjust their models while claiming they always supported strong borders and fair trade.,neutral
"A thief? But based on recent reports, it's President Trump, who accepted and kept Venezuelan leader Maria Corina Machado's 2025 Nobel Peace Prize medal during their meeting.",neutral
"We pretend the Fed is independent, but with debt this large, interest rates are political whether anyone likes it or not. Raise rates and the government can’t pay its bills. Cut rates and inflation shows up. At this point, there are no clean choices left, only tradeoffs.",neutral
Elitism over populism any day. Fuck the median voter.,negative
"Not true, also voted 4 border closure, illegal immigrants sent back (not ALL immigrants, just the illegal ones, freely draining our system and protesting that the US sucks!), and we voted for a strong military, better international relations and more! Not just cheaper eggs!",neutral
Rudy Fooliany is a Terrorist-Marxist-Islamist-HASHTAG ME Kterrorists lover. I leave the pictures of his friend here on the post! Masoud Rajavi’s Picture with Saddam when Iraq was in war wirh Iran! Parhetic Fooliani! URL,negative
"Im not a bot I just believe that humans are ultimately good at our core. Unfortunately the demands of capitalism, the scars of colonialism, and other such issues caused by those who have decided they are superior to others. But I believe these scars can be healed.",positive
"True but Electorate: 9,467 Turnout: 31.6% Total votes: 2,983 Labour votes 1,096 Well that's the next GE in the bag!",neutral
Inflation and rates is still this tight?,neutral
"This China-Nepal trade milestone via Gyirong Port may complicate matters for India by boosting China's influence in Nepal, diversifying Nepal's trade options away from Indian routes, and intensifying Himalayan border tensions amid ongoing disputes. It could, though, foster broader regional connectivity if relations improve.",neutral
EMOJI_ballot_box_with_ballot The government cancelling local elections threatens accountability and undermines local democracy. Parliament must debate whether the government should have this power. Please sign our letter. URL,neutral
India always do this It has zero capacity when it comes to foreign diplomacy HASHTAG worstforeignministry,negative
EMOJI_hundred_points Elon is a great guy..who stands for freedom of speech and true democracy..God bless him.,positive
"Anyone with eyes and NO bias already saw this for what it was, an unjustified killing.",negative
"There is an actual definition of this word, if you’d care to actually engage in a discussion. One of the tenants is “intent” Israel has the power to bomb Gaza off the map yet they give warnings, relocate civilians, provide aid, and send in their own soldiers to combat terrorists",negative
"“Trans” is not about “sex” or “gender” - at all. Trans is a tactic to secure total political power. Once the Left secures the power to redefine words totally divorced from reality, they win every power struggle, forever. That’s what this is: an ideological kill shot.",negative
You see that gender Equality I believe in it like mad.... You can’t be making money and the only thing you do is 3k to park 15M 50/50 or no marriage at all,negative
"The state is mandated to ensure your safety, and they failed MISERABLY. SUE TF out of them, take it to the hague, CNN, kick up a storm. Government has responsability too, and they clearly failed,thus, it's up to them to pay the price. Stop harassing victims FFS",negative
Speculating Trumps steps is not journalism. Have you learned nothing in 10 years?,negative
"this is the ""right wing"" that's quite happy for England to be minority white by 2063 yeah?",negative
"So the pm fought so hard against public prioritisation and opinion for US visa access and yet they are snatching and beating people up left right and centre over there, while people in both countries struggle daily... How bout a round of applause for nothing EMOJI_clapping_hands_medium-dark_skin_tone EMOJI_clapping_hands_medium-dark_skin_tone",negative
"Worldwide access to institutional-grade markets could redefine trading. With inflation and high government debt concerns, innovative solutions are more crucial than ever. DeflationCoin stands out as a hedge in uncertain times, aligning perfectly with these market shifts.",neutral
"This reads as you are ok with transgenderism as a concept,as long as women are not affected in some way. This is why the TERF movement will fail, because they are not hardline enough on the matter. The ideology needs to be squashed, not catered to.",negative
"EMOJI_rolling_on_the_floor_laughing the latest broadcast. She is embarrassing herself, pontificating as tho Jenrick was born a wasteman. As if ppl dont have the right or autonomy to change their political opinions change party membership. EMOJI_rolling_on_the_floor_laughing",negative
"Which is why European leadership keeps producing movements like socialism, communism, Marxism, fascism, national socialism, and globalism. The European people, who are the chief victims of this tendency, are trying to break free from the overbearing left-wing ruling class who view citizen speech as a threat to their authority. The rise of social media proves the people want free speech. We should stand with the people of Europe in their fight to enshrine free speech as the natural right of all human beings.",neutral
"President Trump on ongoing demonstrations in Minnesota: “If, and when, I am forced to act, it will be solved, QUICKLY and EFFECTIVELY!” URL",neutral
Democrats only “policy” idea is to tax more. Not fix what is broke. Take more from the people. Why anyone still votes for a democrat is beyond anything I can come up with.,neutral
"I meant to say original tweet k perspective se already hum jyada tax pay kr rhe h, agar inflation bhi add kr diya tab to drastic difference a jayega. Usually baaki cheezo mein inflation ka point add kr ke cost difference reduce ho jaata h. Is case mein to opposite hi ho gya.",neutral
Isn't inciting riots still a crime in the United States and isn't it true that no one is above the law?,negative
Bugger off with your filthy propaganda,negative
Aurora deserves it EMOJI_smiling_face_with_heart-eyes EMOJI_smiling_face_with_heart-eyes she haven't done any creepy things like others even though she came with bad public opinion on her. She is going out with a huge good name,neutral
The SAVE Act ensures all citizens can vote with minimal barriers while banning all illegal immigrants and non-citizens. This should be a red line for every representative and senator. Pass the SAVE Act NOW. URL URL,positive
Support!! URL,positive
Not sure but a person like that is prime minister of Australia.,neutral
"You can’t truly trust the “volume” issues are expressed through media sources. They are only gonna tell that which fits their agenda. Some left wing media sources for example minimized the expressed issues coming from right leaning people, creating a chasm between parties.",negative
"Liberalism has skyrocketed homeless, addiction, unpaid bills, empty fridges and mental health issues. Everything you seem to be against yet you still cheer in the liberals....",negative
"BS, stop believing the Western Propaganda. We’ve all got to hate Iran. The US put Sanctions on Iran and other Countries followed, that made shortages in Iran. And this isn’t bollox, this is what actually happened. URL",negative
"EMOJI_red_circle , Head of Inter- and Transnational Cooperation at , points out that many international forums today reflect a context marked by rising nationalist populism in northern countries and a declining appetite for HASHTAG multilateralism. URL",neutral
"Charlie knew that we needed to stop giving a pass to lying leftists. If the COMMON LEFT PSYCHOS, The INDOCTRINATORS, the PROPAGANDIST in the media and the POLITICIANS had been held accountable CHARLIE WOULD STILL BE HERE! URL",negative
